{"cameraMode":{"drawMode":0,"name":"Shaded","section":"Shading Mode"},"sceneLighting":true,"audioPlay":false,"sceneViewState":{"showFog":true,"showMaterialUpdate":false,"showSkybox":true,"showFlares":true,"showImageEffects":true,"showParticleSystems":true},"in2DMode":false,"pivot":{"x":-0.713938295841217,"y":0.07983219623565674,"z":-4.998801231384277},"rotation":{"x":0.00008449210872640833,"y":0.9999147057533264,"z":-0.007809209171682596,"w":0.010800150223076344},"size":8.648900985717774,"orthographic":false}